<?xml version="1.0"?>
<?xml-stylesheet type="text/xsl" href="http://jsbsim.sourceforge.net/JSBSim.xsl"?>

<fdm_config name="CHK-91" version="2.0" release="ALPHA"
   xmlns:xsi="http://www.w3.org/2001/XMLSchema-instance"
   xsi:noNamespaceSchemaLocation="http://jsbsim.sourceforge.net/JSBSim.xsd">

 <fileheader>
  <author> AeromatiC++ version 3.3.21 </author>
  <filecreationdate> 15 Jun 2024 </filecreationdate>
  <version>$Revision: 1.80 $</version>
  <description> Models a CHK-91. </description>
 </fileheader>

<!--
  File:     CHK-91.xml
  Input parameters:
    Output directory                   : \Users\rokaf
    Create a subdirectory?             : yes
    Overwrite?                         : yes
    Aircraft name                      : CHK-91
    Use dedicates System files?        : yes
    Select a system of measurement     : yes
    Type of aircraft                   : 0
    Stall speed VS1 (clean, no flaps)  : 117.80
    Maximum takeoff weight             : 1226.00
    Empty weight                       : 830.00
    Inertia Ixx                        : 2348.00
    Inertia Iyy                        : 2852.00
    Inertia Izz                        : 5056.00
    Length                             : 7.70
    Select a wing shape                : 0
    Wing span                          : 10.21
    Wing area                          : 14.86
    Wing aspect ratio                  : 7.00
    Wing taper ratio                   : 0.70
    Wing root chord                    : 1.47
    Wing incidence                     : 2.00
    Wing dihedral                      : 6.00
    Wing sweep (quarter chord)         : 0.89
    Htail area                         : 2.64
    Htail arm                          : 4.58
    Vtail area                         : 1.33
    Vtail arm                          : 4.31
    Propulsion                         : yes
    Engine name                        : IO-360-C1C6
    Number of engines                  : 1
    Engine layout                      : 0
    Engine type                        : 0
    Engine power                       : 149.14
    Maximum engine rpm                 : 2700.00
    Thruster name                      : IIC-C2YK-1BF-F7666A-2
    Propeller diameter                 : 1.88
    Is the propeller fixed pitch?      : no
    Landing Gear                       : yes
    Is landing gear retractable?       : no
    Nose or tail wheel type            : 0
    Is this a taildragger?             : no
    Flaps                              : yes
    Spoilers                           : no
    Chute                              : no

  Specifications:
    name:          CHK-91
    type:          Single engine Glider, Small Commuter
    stall speed:   117.80 km/h
    max weight:    1226.00 kg
    Fuselage: 
     length:        7.70 m
     diameter:      1.37 m
     finess ratio:  5.61
    wing: 
     span:         10.21 m
     area:         14.86 m2
     mean chord:   1.47 m
     aspect ratio: 7.00:1
     taper ratio:  0.70:1
     incidence:    2.00 degrees
     dihedral:     6.00 degrees
     sweep:        0.89 degrees
     t/c:          9.10 %

    no. engines:   1
    engine type:   Piston Engine
    engine layout: forward fuselage

    gear type:     tricycle
    steering type: steering
    retractable?:  no

  Outputs:
    wing loading:       809.00 N/m2
     - thickness ratio: 9.10%
    payload:            214.55 kg
    CL-alpha:           5.11 per radian
    CL-0:               0.26
    CL-max:             1.23
    CD-0:               0.03
    K:                  0.04
    Mcrit:              0.70

    min. turn radius    60.28 m
    max. turn rate:     0.60 deg/s
-->

 <metrics>
   <wingarea  unit="M2"> 14.86    </wingarea>
   <wingspan  unit="M" > 10.21    </wingspan>
   <wing_incidence unit="DEG"> 2.00 </wing_incidence>
   <chord     unit="M" > 1.47     </chord>
   <htailarea unit="M2"> 2.64     </htailarea>
   <htailarm  unit="M" > 4.58     </htailarm>
   <vtailarea  unit="M2">1.33     </vtailarea>
   <vtailarm  unit="M" > 4.31     </vtailarm>
   <location name="AERORP" unit="M">
     <x> 3.12     </x>
     <y> 0.00     </y>
     <z> 0.00     </z>
   </location>
   <location name="EYEPOINT" unit="M">
     <x> 1.00     </x>
     <y> -0.46    </y>
     <z> 1.14     </z>
   </location>
   <location name="VRP" unit="M">
     <x>     0.0 </x>
     <y>     0.0 </y>
     <z>     0.0 </z>
   </location>
 </metrics>

 <mass_balance>
   <ixx unit="KG*M2">  2348.00  </ixx>
   <iyy unit="KG*M2">  2852.00  </iyy>
   <izz unit="KG*M2">  5056.00  </izz>
   <emptywt unit="KG" >  830.00   </emptywt>
   <location name="CG" unit="M">
     <x> 2.98     </x>
     <y> 0.00     </y>
     <z> -0.19    </z>
   </location>
   <pointmass name="Payload">
    <description> 214.55 kg should bring model up to entered max weight </description>
    <weight unit="KG"> 107.28 </weight>
    <location name="POINTMASS" unit="M">
     <x> 2.98     </x>
     <y> 0.00     </y>
     <z> -0.19    </z>
   </location>
  </pointmass>
 </mass_balance>

 <propulsion>

   <engine file="IO-360-C1C6">
    <feed> 0 </feed>

    <thruster file="IIC-C2YK-1BF-F7666A-2">
     <sense> 1 </sense>
     <location unit="M">
       <x>     0.91 </x>
       <y>     0.00 </y>
       <z>     0.00 </z>
     </location>
     <orient unit="DEG">
       <pitch>     0.00 </pitch>
        <roll>     0.00 </roll>
         <yaw>     0.00 </yaw>
     </orient>
    </thruster>
  </engine>

  <tank type="FUEL" number="0">
     <location unit="M">
       <x>     2.98 </x>
       <y>     0.00 </y>
       <z>    -0.19 </z>
     </location>
     <capacity unit="KG"> 90.72 </capacity>
     <contents unit="KG"> 45.36 </contents>
  </tank>
  <tank type="FUEL" number="1">
     <location unit="M">
       <x>     2.98 </x>
       <y>     0.00 </y>
       <z>    -0.19 </z>
     </location>
     <capacity unit="KG"> 90.72 </capacity>
     <contents unit="KG"> 45.36 </contents>
  </tank>

 </propulsion>

 <ground_reactions>

  <contact type="BOGEY" name="NOSE">
    <location unit="M">
      <x>     1.00 </x>
      <y>     0.00 </y>
      <z>    -0.92 </z>
    </location>
    <static_friction>  0.80 </static_friction>
    <dynamic_friction> 0.50 </dynamic_friction>
    <rolling_friction> 0.02 </rolling_friction>
    <spring_coeff  unit="N/M">     11835.64 </spring_coeff>
    <damping_coeff unit="N/M/SEC"> 5917.82 </damping_coeff>
    <max_steer unit="DEG"> 5.00 </max_steer>
    <brake_group> NONE </brake_group>
    <retractable> 0 </retractable>
  </contact>

  <contact type="BOGEY" name="LEFT_MAIN">
    <location unit="M">
      <x>     3.09 </x>
      <y>    -0.92 </y>
      <z>    -0.92 </z>
    </location>
    <static_friction>  0.80 </static_friction>
    <dynamic_friction> 0.50 </dynamic_friction>
    <rolling_friction> 0.02 </rolling_friction>
    <spring_coeff  unit="N/M">     39452.12 </spring_coeff>
    <damping_coeff unit="N/M/SEC"> 19726.06 </damping_coeff>
    <max_steer unit="DEG">0</max_steer>
    <brake_group> LEFT </brake_group>
    <retractable> 0 </retractable>
  </contact>

  <contact type="BOGEY" name="RIGHT_MAIN">
    <location unit="M">
      <x>     3.09 </x>
      <y>     0.92 </y>
      <z>    -0.92 </z>
    </location>
    <static_friction>  0.80 </static_friction>
    <dynamic_friction> 0.50 </dynamic_friction>
    <rolling_friction> 0.02 </rolling_friction>
    <spring_coeff  unit="N/M">     39452.12 </spring_coeff>
    <damping_coeff unit="N/M/SEC"> 19726.06 </damping_coeff>
    <max_steer unit="DEG">0</max_steer>
    <brake_group> RIGHT </brake_group>
    <retractable> 0 </retractable>
  </contact>

  <contact type="STRUCTURE" name="LEFT_WING">
    <location unit="M">
     <x>     2.98 </x>
     <y>    -5.11 </y>
     <z>    -0.19 </z>
    </location>
   <static_friction>  1 </static_friction>
   <dynamic_friction> 1 </dynamic_friction>
    <spring_coeff  unit="N/M">     39452.12 </spring_coeff>
    <damping_coeff unit="N/M/SEC"> 19726.06 </damping_coeff>
  </contact>

  <contact type="STRUCTURE" name="RIGHT_WING">
    <location unit="M">
     <x>     2.98 </x>
     <y>     5.11 </y>
     <z>    -0.19 </z>
    </location>
   <static_friction>  1 </static_friction>
   <dynamic_friction> 1 </dynamic_friction>
    <spring_coeff  unit="N/M">     39452.12 </spring_coeff>
    <damping_coeff unit="N/M/SEC"> 19726.06 </damping_coeff>
  </contact>

 </ground_reactions>

 <system file="Conventional Controls.xml"/>
 <system file="Landing Gear.xml"/>
 <system file="Flaps.xml"/>

 <flight_control name="FCS: CHK-91">

 </flight_control>

 <aerodynamics>

  <axis name="LIFT">

    <function name="aero/force/Lift_propwash">
      <description>Delta lift due to propeller induced velocity</description>
      <product>
         <property>propulsion/engine[0]/thrust-coefficient</property>
          <property>aero/qbar-psf</property>
          <property>metrics/Sw-sqft</property>
          <table>
            <independentVar lookup="row">aero/alpha-rad</independentVar>
            <independentVar lookup="column">fcs/flap-pos-deg</independentVar>
            <tableData>
                     0.0     60.0
              -0.22  0.000   0.000
               0.00  0.046   0.123
               0.21  0.218   0.582
               0.41  0.000   0.000
            </tableData>
          </table>
      </product>
    </function>

    <!-- Lift above 0.85 and below -0.85 is generalised -->
    <function name="aero/force/Lift_alpha">
      <description>Lift due to alpha</description>
      <product>
          <property>aero/qbar-psf</property>
          <property>metrics/Sw-sqft</property>
          <table>
            <independentVar lookup="row">aero/alpha-rad</independentVar>
            <tableData>
              -1.57  0.0000
              -1.22 -0.5843
              -1.05 -0.7872
              -0.88 -0.9090
              -0.19 -0.2321
               0.00  0.2613
               0.24  1.2336
               0.29  0.4934
               0.88  1.0910
               1.05  0.9448
               1.22  0.7013
               1.57  0.0000
            </tableData>
          </table>
      </product>
    </function>

    <function name="aero/force/Lift_pitch_rate">
        <description>Lift due to pitch rate</description>
        <product>
          <property>aero/qbar-psf</property>
          <property>metrics/Sw-sqft</property>
          <property>velocities/q-aero-rad_sec</property>
          <property>aero/ci2vel</property>
          <value> 4.4751 </value>
        </product>
      </function>

      <function name="aero/force/Lift_alpha_rate">
        <description>Lift due to alpha rate</description>
        <product>
           <property>aero/qbar-psf</property>
           <property>metrics/Sw-sqft</property>
           <property>aero/alphadot-rad_sec</property>
           <property>aero/ci2vel</property>
           <value> 1.9889 </value>
        </product>
      </function>

    <function name="aero/force/Lift_elevator">
       <description>Lift due to Elevator Deflection</description>
       <product>
           <property>aero/qbar-psf</property>
           <property>metrics/Sw-sqft</property>
           <property>fcs/elevator-pos-rad</property>
           <value> 0.4760 </value>
       </product>
    </function>

    <function name="aero/force/Lift_flap">
       <description>Delta Lift due to flaps</description>
       <product>
           <property>aero/qbar-psf</property>
           <property>metrics/Sw-sqft</property>
           <property>fcs/flap-pos-deg</property>
           <value> 0.0123 </value>
       </product>
    </function>


  </axis>

  <axis name="DRAG">

    <!-- CD0 is based on fuselage, wing, horizontal- en vertical tail -->
    <!-- CD for gear (fixed and retractable) is defined below         -->
    <function name="aero/force/Drag_minimum">
       <description>Minimum drag</description>
       <product>
          <property>aero/qbar-psf</property>
          <property>metrics/Sw-sqft</property>
          <value> 0.0299 </value>
       </product>
    </function>

    <function name="aero/force/Drag_alpha">
       <description>Drag due to alpha</description>
       <product>
          <property>aero/qbar-psf</property>
          <property>metrics/Sw-sqft</property>
          <table>
            <independentVar lookup="row">aero/alpha-rad</independentVar>
            <tableData>
             -1.57    1.4096
             -0.19    0.0241
              0.00    0.0000
              0.19    0.0241
              1.57    1.4096
            </tableData>
          </table>
       </product>
    </function>

    <function name="aero/force/Drag_induced">
       <description>Induced drag</description>
         <product>
           <property>aero/qbar-psf</property>
           <property>metrics/Sw-sqft</property>
           <property>aero/cl-squared</property>
           <value> 0.0475 </value>
         </product>
    </function>

    <function name="aero/force/Drag_mach">
       <description>Drag due to mach</description>
        <product>
          <property>aero/qbar-psf</property>
          <property>metrics/Sw-sqft</property>
          <table>
            <independentVar lookup="row">velocities/mach</independentVar>
            <tableData>
                0.00    0.0000
                0.70    0.0000
                1.10    0.0230
                1.80    0.0150
            </tableData>
          </table>
        </product>
    </function>

    <function name="aero/force/Drag_beta">
       <description>Drag due to sideslip</description>
       <product>
          <property>aero/qbar-psf</property>
          <property>metrics/Sw-sqft</property>
          <table>
            <independentVar lookup="row">aero/beta-rad</independentVar>
            <tableData>
              -1.57    1.2300
              -0.26    0.0500
               0.00    0.0000
               0.26    0.0500
               1.57    1.2300
            </tableData>
          </table>
       </product>
    </function>

    <function name="aero/force/Drag_elevator">
       <description>Drag due to Elevator Deflection</description>
       <product>
           <property>aero/qbar-psf</property>
           <property>metrics/Sw-sqft</property>
           <abs><property>fcs/elevator-pos-rad</property></abs>
           <value> 0.0400 </value>
       </product>
    </function>

    <function name="aero/force/Drag_gear">
       <description>Drag due to gear</description>
         <product>
           <property>aero/qbar-psf</property>
           <property>metrics/Sw-sqft</property>
           <value> 0.0040 </value>
         </product>
    </function>

    <function name="aero/force/Drag_flap">
       <description>Drag due to flaps</description>
         <product>
           <property>aero/qbar-psf</property>
           <property>metrics/Sw-sqft</property>
           <property>fcs/flap-pos-deg</property>
           <value> 0.0009 </value>
         </product>
    </function>


  </axis>

  <axis name="SIDE">

    <function name="aero/force/Side_beta">
       <description>Side force due to beta</description>
       <product>
           <property>aero/qbar-psf</property>
           <property>metrics/Sw-sqft</property>
           <property>aero/beta-rad</property>
           <value> -0.4121 </value>
       </product>
    </function>
    <function name="aero/force/Side_roll_rate">
       <description>Side force due to roll rate</description>
       <product>
           <property>aero/qbar-psf</property>
           <property>metrics/Sw-sqft</property>
           <property>aero/bi2vel</property>
           <property>velocities/p-aero-rad_sec</property>
           <table>
             <independentVar lookup="row">aero/Re</independentVar>
             <tableData>
                 3292355      0.2259
                 3621591      0.0192
                 4938532      0.0086
                 6602886      0.0048
             </tableData>
           </table>
       </product>
    </function>

    <function name="aero/force/Side_yaw_rate">
       <description>Side force due to yaw rate</description>
       <product>
           <property>aero/qbar-psf</property>
           <property>metrics/Sw-sqft</property>
           <property>aero/bi2vel</property>
           <property>velocities/r-aero-rad_sec</property>
           <value> 0.3478 </value>
       </product>
    </function>

    <function name="aero/force/Side_rudder">
       <description>Side force due to rudder</description>
       <product>
           <property>aero/qbar-psf</property>
           <property>metrics/Sw-sqft</property>
           <property>fcs/rudder-pos-rad</property>
           <value> 0.1258 </value>
       </product>
    </function>

  </axis>

  <axis name="PITCH">

    <function name="aero/moment/Pitch_propwash">
      <description>Pitch moment due to propeller induced velocity</description>
      <product>
          <property>propulsion/engine[0]/thrust-coefficient</property>
          <property>aero/qbar-psf</property>
          <property>metrics/Sw-sqft</property>
          <property>metrics/bw-ft</property>
          <table>
            <independentVar lookup="row">aero/alpha-rad</independentVar>
            <independentVar lookup="column">fcs/flap-pos-deg</independentVar>
            <tableData>
                     0.0     60.0
              -0.01  0.000   0.000
               0.00  0.026   0.068
               0.21  0.121   0.322
               0.27  0.000   0.000
            </tableData>
          </table>
      </product>
    </function>

    <function name="aero/moment/Pitch_alpha">
       <description>Pitch moment due to alpha</description>
       <product>
           <property>aero/qbar-psf</property>
           <property>metrics/Sw-sqft</property>
           <property>metrics/cbarw-ft</property>
           <property>aero/alpha-rad</property>
           <value> -0.8757 </value>
       </product>
    </function>

    <function name="aero/moment/Pitch_elevator">
       <description>Pitch moment due to elevator</description>
       <product>
          <property>aero/qbar-psf</property>
          <property>metrics/Sw-sqft</property>
          <property>metrics/cbarw-ft</property>
          <property>fcs/elevator-pos-rad</property>
          <table>
            <independentVar lookup="row">velocities/mach</independentVar>
            <tableData>
              0.0    -1.4534
              2.0    -0.3633
            </tableData>
          </table>
       </product>
    </function>

    <function name="aero/moment/Pitch_damp">
       <description>Pitch moment due to pitch rate</description>
       <product>
           <property>aero/qbar-psf</property>
           <property>metrics/Sw-sqft</property>
           <property>metrics/cbarw-ft</property>
           <property>aero/ci2vel</property>
           <property>velocities/q-aero-rad_sec</property>
           <value> -13.9725 </value>
       </product>
    </function>

    <function name="aero/moment/Pitch_alphadot">
       <description>Pitch moment due to alpha rate</description>
       <product>
           <property>aero/qbar-psf</property>
           <property>metrics/Sw-sqft</property>
           <property>metrics/cbarw-ft</property>
           <property>aero/ci2vel</property>
           <property>aero/alphadot-rad_sec</property>
           <value> -6.2100 </value>
       </product>
    </function>

  </axis>

  <axis name="ROLL">

    <function name="aero/moment/Roll_differential_propwash">
       <description>Roll moment due to differential propwash</description>
       <product>
           <property>propulsion/engine[0]/thrust-coefficient</property>
           <property>aero/qbar-psf</property>
           <property>metrics/Sw-sqft</property>
           <property>metrics/bw-ft</property>
           <property>aero/alpha-rad</property>
           <value> 0.1334 </value>
       </product>
    </function>

    <function name="aero/moment/Roll_beta">
       <description>Roll moment due to beta</description>
       <product>
           <property>aero/qbar-psf</property>
           <property>metrics/Sw-sqft</property>
           <property>metrics/bw-ft</property>
           <property>aero/beta-rad</property>
           <property>fcs/gear-no-wow</property>
           <table>
             <independentVar lookup="row">aero/alpha-rad</independentVar>
             <independentVar lookup="column">aero/Re</independentVar>
             <tableData>
                             3292355     3621591     4938532     6602886
                 -0.0349     -0.4415     -0.1609     -0.1464     -0.1413
                  0.3491     -0.4875     -0.1683     -0.1540     -0.1493
             </tableData>
           </table>
       </product>
    </function>

    <function name="aero/moment/Roll_damp">
       <description>Roll moment due to roll rate</description>
       <product>
           <property>aero/qbar-psf</property>
           <property>metrics/Sw-sqft</property>
           <property>metrics/bw-ft</property>
           <property>aero/bi2vel</property>
           <property>velocities/p-aero-rad_sec</property>
           <value> -0.5520 </value>
       </product>
    </function>

    <function name="aero/moment/Roll_yaw">
       <description>Roll moment due to yaw rate</description>
       <product>
           <property>aero/qbar-psf</property>
           <property>metrics/Sw-sqft</property>
           <property>metrics/bw-ft</property>
           <property>aero/bi2vel</property>
           <property>velocities/r-aero-rad_sec</property>
           <table>
             <independentVar lookup="row">aero/alpha-rad</independentVar>
             <independentVar lookup="column">aero/Re</independentVar>
             <tableData>
                             3292355     3621591     4938532     6602886
                 -0.0349      0.0104      0.0104      0.0104      0.0104
                  0.3491      3.0735      0.5006      0.5006      0.5006
             </tableData>
           </table>
       </product>
    </function>

    <function name="aero/moment/Roll_aileron">
       <description>Roll moment due to aileron</description>
       <product>
          <property>aero/qbar-psf</property>
          <property>metrics/Sw-sqft</property>
          <property>metrics/bw-ft</property>
          <property>fcs/left-aileron-pos-rad</property>
           <table>
            <independentVar lookup="row">velocities/mach</independentVar>
            <tableData>
              0.0    0.1700
              2.0    0.0425
            </tableData>
          </table>
       </product>
    </function>

    <function name="aero/moment/Roll_rudder">
       <description>Roll moment due to rudder</description>
       <product>
           <property>aero/qbar-psf</property>
           <property>metrics/Sw-sqft</property>
           <property>metrics/bw-ft</property>
           <property>fcs/rudder-pos-rad</property>
           <value> 0.0100 </value>
       </product>
    </function>

  </axis>

  <axis name="YAW">

    <!-- Stall initiator -->
    <function name="aero/moment/Yaw_alpha">
       <description>Yaw moment due to alpha</description>
       <product>
           <property>aero/qbar-psf</property>
           <property>metrics/Sw-sqft</property>
           <property>metrics/bw-ft</property>
           <property>aero/alpha-rad</property>
           <property>fcs/gear-no-wow</property>
           <table>
             <independentVar lookup="row">aero/beta-rad</independentVar>
             <independentVar lookup="column">aero/Re</independentVar>
             <tableData>
                             3292355     3621591
                 -0.3491     -1.0000      0.0000
                  0.3491      1.0000      0.0000
             </tableData>
           </table>
       </product>
    </function>

    <function name="aero/moment/Yaw_beta">
       <description>Yaw moment due to beta</description>
       <product>
           <property>aero/qbar-psf</property>
           <property>metrics/Sw-sqft</property>
           <property>metrics/bw-ft</property>
           <property>aero/beta-rad</property>
           <value> 0.0836 </value>
       </product>
    </function>

    <function name="aero/moment/Yaw_roll_rate">
       <description>Yaw moment due to roll rate</description>
       <product>
           <property>aero/qbar-psf</property>
           <property>metrics/Sw-sqft</property>
           <property>metrics/bw-ft</property>
           <property>aero/bi2vel</property>
           <property>velocities/p-rad_sec</property>
           <table>
             <independentVar lookup="row">aero/Re</independentVar>
             <tableData>
                 3292355     -0.0953
                 3621591     -0.0081
                 4938532     -0.0036
                 6602886     -0.0020
             </tableData>
           </table>
       </product>
    </function>

    <function name="aero/moment/Yaw_damp">
       <description>Yaw moment due to yaw rate</description>
       <product>
           <property>aero/qbar-psf</property>
           <property>metrics/Sw-sqft</property>
           <property>metrics/bw-ft</property>
           <property>aero/bi2vel</property>
           <property>velocities/r-aero-rad_sec</property>
           <value> -0.0909 </value>
       </product>
    </function>

    <function name="aero/moment/Yaw_rudder">
       <description>Yaw moment due to rudder</description>
       <product>
           <property>aero/qbar-psf</property>
           <property>metrics/Sw-sqft</property>
           <property>metrics/bw-ft</property>
           <property>fcs/rudder-pos-rad</property>
           <value> -0.0531 </value>
       </product>
    </function>

    <function name="aero/moment/Yaw_aileron">
       <description>Adverse yaw</description>
       <product>
           <property>aero/qbar-psf</property>
           <property>metrics/Sw-sqft</property>
           <property>metrics/bw-ft</property>
           <property>fcs/left-aileron-pos-rad</property>
           <value> -0.0100 </value>
       </product>
    </function>

  </axis>

 </aerodynamics>

 <external_reactions>
 </external_reactions>


</fdm_config>
